	model	pairid	lemma	condition	comparison	surpsum	surpmean
0	bert-base-cased	1	themselves	simple_reflexives	expected	14.13353157043457	14.13353157043457
1	bert-base-cased	1	themselves	simple_reflexives	unexpected	16.418811798095703	16.418811798095703
2	bert-base-cased	2	themselves	simple_reflexives	expected	14.13353157043457	14.13353157043457
3	bert-base-cased	2	themselves	simple_reflexives	unexpected	18.08230972290039	18.08230972290039
4	bert-base-cased	3	themselves	simple_reflexives	expected	15.671514511108398	15.671514511108398
5	bert-base-cased	3	themselves	simple_reflexives	unexpected	17.635356903076172	17.635356903076172
6	bert-base-cased	4	themselves	simple_reflexives	expected	15.671514511108398	15.671514511108398
7	bert-base-cased	4	themselves	simple_reflexives	unexpected	19.995569229125977	19.995569229125977
8	bert-base-cased	5	themselves	simple_reflexives	expected	7.886086463928223	7.886086463928223
9	bert-base-cased	5	themselves	simple_reflexives	unexpected	7.852715492248535	7.852715492248535
10	bert-base-cased	6	themselves	simple_reflexives	expected	7.886086463928223	7.886086463928223
11	bert-base-cased	6	themselves	simple_reflexives	unexpected	9.209707260131836	9.209707260131836
12	bert-base-cased	7	themselves	simple_reflexives	expected	15.652673721313477	15.652673721313477
13	bert-base-cased	7	themselves	simple_reflexives	unexpected	16.64385414123535	16.64385414123535
14	bert-base-cased	8	themselves	simple_reflexives	expected	15.652673721313477	15.652673721313477
15	bert-base-cased	8	themselves	simple_reflexives	unexpected	18.37944221496582	18.37944221496582
16	bert-base-cased	9	themselves	simple_reflexives	expected	14.641736030578612	14.641736030578612
17	bert-base-cased	9	themselves	simple_reflexives	unexpected	16.61589813232422	16.61589813232422
18	bert-base-cased	10	themselves	simple_reflexives	expected	14.641736030578612	14.641736030578612
19	bert-base-cased	10	themselves	simple_reflexives	unexpected	18.77203750610352	18.77203750610352
20	bert-base-cased	11	themselves	simple_reflexives	expected	12.033589363098145	12.033589363098145
21	bert-base-cased	11	themselves	simple_reflexives	unexpected	14.039383888244627	14.039383888244627
22	bert-base-cased	12	themselves	simple_reflexives	expected	12.033589363098145	12.033589363098145
23	bert-base-cased	12	themselves	simple_reflexives	unexpected	15.409187316894531	15.409187316894531
24	bert-base-cased	13	themselves	simple_reflexives	expected	20.5001163482666	20.5001163482666
25	bert-base-cased	13	themselves	simple_reflexives	unexpected	19.647897720336918	19.647897720336918
26	bert-base-cased	14	themselves	simple_reflexives	expected	20.5001163482666	20.5001163482666
27	bert-base-cased	14	themselves	simple_reflexives	unexpected	21.46500587463379	21.46500587463379
28	bert-base-cased	15	themselves	simple_reflexives	expected	16.913162231445312	16.913162231445312
29	bert-base-cased	15	themselves	simple_reflexives	unexpected	17.016752243041992	17.016752243041992
30	bert-base-cased	16	themselves	simple_reflexives	expected	16.913162231445312	16.913162231445312
31	bert-base-cased	16	themselves	simple_reflexives	unexpected	19.99664878845215	19.99664878845215
32	bert-base-cased	17	themselves	simple_reflexives	expected	18.39992904663086	18.39992904663086
33	bert-base-cased	17	themselves	simple_reflexives	unexpected	19.099815368652344	19.099815368652344
34	bert-base-cased	18	themselves	simple_reflexives	expected	18.39992904663086	18.39992904663086
35	bert-base-cased	18	themselves	simple_reflexives	unexpected	21.950063705444336	21.950063705444336
36	bert-base-cased	19	themselves	simple_reflexives	expected	8.325430870056152	8.325430870056152
37	bert-base-cased	19	themselves	simple_reflexives	unexpected	7.398180961608887	7.398180961608887
38	bert-base-cased	20	themselves	simple_reflexives	expected	8.325430870056152	8.325430870056152
39	bert-base-cased	20	themselves	simple_reflexives	unexpected	9.581918716430664	9.581918716430664
40	bert-base-cased	21	themselves	simple_reflexives	expected	18.392742156982425	18.392742156982425
41	bert-base-cased	21	themselves	simple_reflexives	unexpected	18.66465187072754	18.66465187072754
42	bert-base-cased	22	themselves	simple_reflexives	expected	18.392742156982425	18.392742156982425
43	bert-base-cased	22	themselves	simple_reflexives	unexpected	21.0802001953125	21.0802001953125
44	bert-base-cased	23	themselves	simple_reflexives	expected	14.944466590881348	14.944466590881348
45	bert-base-cased	23	themselves	simple_reflexives	unexpected	16.114179611206055	16.114179611206055
46	bert-base-cased	24	themselves	simple_reflexives	expected	14.944466590881348	14.944466590881348
47	bert-base-cased	24	themselves	simple_reflexives	unexpected	19.34760284423828	19.34760284423828
48	bert-base-cased	25	themselves	simple_reflexives	expected	14.697304725646973	14.697304725646973
49	bert-base-cased	25	themselves	simple_reflexives	unexpected	15.691710472106934	15.691710472106934
50	bert-base-cased	26	themselves	simple_reflexives	expected	14.697304725646973	14.697304725646973
51	bert-base-cased	26	themselves	simple_reflexives	unexpected	18.705717086791992	18.705717086791992
52	bert-base-cased	27	themselves	simple_reflexives	expected	21.85447883605957	21.85447883605957
53	bert-base-cased	27	themselves	simple_reflexives	unexpected	20.057100296020508	20.057100296020508
54	bert-base-cased	28	themselves	simple_reflexives	expected	21.85447883605957	21.85447883605957
55	bert-base-cased	28	themselves	simple_reflexives	unexpected	22.449811935424805	22.449811935424805
56	bert-base-cased	29	themselves	simple_reflexives	expected	6.272840023040772	6.272840023040772
57	bert-base-cased	29	themselves	simple_reflexives	unexpected	5.27144718170166	5.27144718170166
58	bert-base-cased	30	themselves	simple_reflexives	expected	6.272840023040772	6.272840023040772
59	bert-base-cased	30	themselves	simple_reflexives	unexpected	6.030524730682373	6.030524730682373
60	bert-base-cased	31	themselves	simple_reflexives	expected	4.376545429229736	4.376545429229736
61	bert-base-cased	31	themselves	simple_reflexives	unexpected	4.984290599822998	4.984290599822998
62	bert-base-cased	32	themselves	simple_reflexives	expected	4.376545429229736	4.376545429229736
63	bert-base-cased	32	themselves	simple_reflexives	unexpected	7.410268783569336	7.410268783569336
64	bert-base-cased	33	themselves	simple_reflexives	expected	6.797893524169922	6.797893524169922
65	bert-base-cased	33	themselves	simple_reflexives	unexpected	5.9621405601501465	5.9621405601501465
66	bert-base-cased	34	themselves	simple_reflexives	expected	6.797893524169922	6.797893524169922
67	bert-base-cased	34	themselves	simple_reflexives	unexpected	7.329680442810059	7.329680442810059
68	bert-base-cased	35	themselves	simple_reflexives	expected	4.175427913665772	4.175427913665772
69	bert-base-cased	35	themselves	simple_reflexives	unexpected	4.1921000480651855	4.1921000480651855
70	bert-base-cased	36	themselves	simple_reflexives	expected	4.175427913665772	4.175427913665772
71	bert-base-cased	36	themselves	simple_reflexives	unexpected	6.371490955352783	6.371490955352783
72	bert-base-cased	37	themselves	simple_reflexives	expected	7.260118961334228	7.260118961334228
73	bert-base-cased	37	themselves	simple_reflexives	unexpected	6.286044120788574	6.286044120788574
74	bert-base-cased	38	themselves	simple_reflexives	expected	7.260118961334228	7.260118961334228
75	bert-base-cased	38	themselves	simple_reflexives	unexpected	8.447975158691406	8.447975158691406
76	bert-base-cased	39	themselves	simple_reflexives	expected	4.879189014434815	4.879189014434815
77	bert-base-cased	39	themselves	simple_reflexives	unexpected	3.7610652446746826	3.7610652446746826
78	bert-base-cased	40	themselves	simple_reflexives	expected	4.879189014434815	4.879189014434815
79	bert-base-cased	40	themselves	simple_reflexives	unexpected	7.38520622253418	7.38520622253418
80	bert-base-cased	41	themselves	simple_reflexives	expected	4.53241777420044	4.53241777420044
81	bert-base-cased	41	themselves	simple_reflexives	unexpected	2.9388601779937744	2.9388601779937744
82	bert-base-cased	42	themselves	simple_reflexives	expected	4.53241777420044	4.53241777420044
83	bert-base-cased	42	themselves	simple_reflexives	unexpected	4.670852184295654	4.670852184295654
84	bert-base-cased	43	themselves	simple_reflexives	expected	15.815818786621094	15.815818786621094
85	bert-base-cased	43	themselves	simple_reflexives	unexpected	16.973691940307617	16.973691940307617
86	bert-base-cased	44	themselves	simple_reflexives	expected	15.815818786621094	15.815818786621094
87	bert-base-cased	44	themselves	simple_reflexives	unexpected	19.05093002319336	19.05093002319336
88	bert-base-cased	45	themselves	simple_reflexives	expected	15.944852828979492	15.944852828979492
89	bert-base-cased	45	themselves	simple_reflexives	unexpected	17.066465377807617	17.066465377807617
90	bert-base-cased	46	themselves	simple_reflexives	expected	15.944852828979492	15.944852828979492
91	bert-base-cased	46	themselves	simple_reflexives	unexpected	19.316072463989254	19.316072463989254
92	bert-base-cased	47	themselves	simple_reflexives	expected	8.414380073547363	8.414380073547363
93	bert-base-cased	47	themselves	simple_reflexives	unexpected	6.347885608673096	6.347885608673096
94	bert-base-cased	48	themselves	simple_reflexives	expected	8.414380073547363	8.414380073547363
95	bert-base-cased	48	themselves	simple_reflexives	unexpected	7.581375122070312	7.581375122070312
96	bert-base-cased	49	themselves	simple_reflexives	expected	18.62675094604492	18.62675094604492
97	bert-base-cased	49	themselves	simple_reflexives	unexpected	18.9899845123291	18.9899845123291
98	bert-base-cased	50	themselves	simple_reflexives	expected	18.62675094604492	18.62675094604492
99	bert-base-cased	50	themselves	simple_reflexives	unexpected	20.957937240600582	20.957937240600582
100	bert-base-cased	51	themselves	simple_reflexives	expected	17.423582077026367	17.423582077026367
101	bert-base-cased	51	themselves	simple_reflexives	unexpected	18.72884559631348	18.72884559631348
102	bert-base-cased	52	themselves	simple_reflexives	expected	17.423582077026367	17.423582077026367
103	bert-base-cased	52	themselves	simple_reflexives	unexpected	20.89685440063477	20.89685440063477
104	bert-base-cased	53	themselves	simple_reflexives	expected	13.936875343322754	13.936875343322754
105	bert-base-cased	53	themselves	simple_reflexives	unexpected	15.305780410766602	15.305780410766602
106	bert-base-cased	54	themselves	simple_reflexives	expected	13.936875343322754	13.936875343322754
107	bert-base-cased	54	themselves	simple_reflexives	unexpected	18.120269775390625	18.120269775390625
108	bert-base-cased	55	themselves	simple_reflexives	expected	21.959184646606445	21.959184646606445
109	bert-base-cased	55	themselves	simple_reflexives	unexpected	20.12356376647949	20.12356376647949
110	bert-base-cased	56	themselves	simple_reflexives	expected	21.959184646606445	21.959184646606445
111	bert-base-cased	56	themselves	simple_reflexives	unexpected	22.39417266845703	22.39417266845703
112	bert-base-cased	57	themselves	simple_reflexives	expected	16.12488555908203	16.12488555908203
113	bert-base-cased	57	themselves	simple_reflexives	unexpected	17.134702682495117	17.134702682495117
114	bert-base-cased	58	themselves	simple_reflexives	expected	16.12488555908203	16.12488555908203
115	bert-base-cased	58	themselves	simple_reflexives	unexpected	19.44283676147461	19.44283676147461
116	bert-base-cased	59	themselves	simple_reflexives	expected	17.81210708618164	17.81210708618164
117	bert-base-cased	59	themselves	simple_reflexives	unexpected	18.760114669799805	18.760114669799805
118	bert-base-cased	60	themselves	simple_reflexives	expected	17.81210708618164	17.81210708618164
119	bert-base-cased	60	themselves	simple_reflexives	unexpected	21.648778915405277	21.648778915405277
120	bert-base-cased	61	themselves	simple_reflexives	expected	6.184438228607178	6.184438228607178
121	bert-base-cased	61	themselves	simple_reflexives	unexpected	6.6854352951049805	6.6854352951049805
122	bert-base-cased	62	themselves	simple_reflexives	expected	6.184438228607178	6.184438228607178
123	bert-base-cased	62	themselves	simple_reflexives	unexpected	7.321410179138184	7.321410179138184
124	bert-base-cased	63	themselves	simple_reflexives	expected	18.38331413269043	18.38331413269043
125	bert-base-cased	63	themselves	simple_reflexives	unexpected	18.418113708496094	18.418113708496094
126	bert-base-cased	64	themselves	simple_reflexives	expected	18.38331413269043	18.38331413269043
127	bert-base-cased	64	themselves	simple_reflexives	unexpected	20.61948776245117	20.61948776245117
128	bert-base-cased	65	themselves	simple_reflexives	expected	16.574106216430664	16.574106216430664
129	bert-base-cased	65	themselves	simple_reflexives	unexpected	17.895519256591797	17.895519256591797
130	bert-base-cased	66	themselves	simple_reflexives	expected	16.574106216430664	16.574106216430664
131	bert-base-cased	66	themselves	simple_reflexives	unexpected	20.236608505249023	20.236608505249023
132	bert-base-cased	67	themselves	simple_reflexives	expected	14.581469535827637	14.581469535827637
133	bert-base-cased	67	themselves	simple_reflexives	unexpected	15.82634162902832	15.82634162902832
134	bert-base-cased	68	themselves	simple_reflexives	expected	14.581469535827637	14.581469535827637
135	bert-base-cased	68	themselves	simple_reflexives	unexpected	18.68243789672852	18.68243789672852
136	bert-base-cased	69	themselves	simple_reflexives	expected	21.20742416381836	21.20742416381836
137	bert-base-cased	69	themselves	simple_reflexives	unexpected	19.498878479003903	19.498878479003903
138	bert-base-cased	70	themselves	simple_reflexives	expected	21.20742416381836	21.20742416381836
139	bert-base-cased	70	themselves	simple_reflexives	unexpected	21.832433700561523	21.832433700561523
140	bert-base-cased	71	themselves	simple_reflexives	expected	16.636905670166016	16.636905670166016
141	bert-base-cased	71	themselves	simple_reflexives	unexpected	18.231115341186523	18.231115341186523
142	bert-base-cased	72	themselves	simple_reflexives	expected	16.636905670166016	16.636905670166016
143	bert-base-cased	72	themselves	simple_reflexives	unexpected	19.618974685668945	19.618974685668945
144	bert-base-cased	73	themselves	simple_reflexives	expected	16.3429012298584	16.3429012298584
145	bert-base-cased	73	themselves	simple_reflexives	unexpected	18.50463104248047	18.50463104248047
146	bert-base-cased	74	themselves	simple_reflexives	expected	16.3429012298584	16.3429012298584
147	bert-base-cased	74	themselves	simple_reflexives	unexpected	20.11639404296875	20.11639404296875
148	bert-base-cased	75	themselves	simple_reflexives	expected	6.656391143798828	6.656391143798828
149	bert-base-cased	75	themselves	simple_reflexives	unexpected	5.404756546020508	5.404756546020508
150	bert-base-cased	76	themselves	simple_reflexives	expected	6.656391143798828	6.656391143798828
151	bert-base-cased	76	themselves	simple_reflexives	unexpected	7.140143394470215	7.140143394470215
152	bert-base-cased	77	themselves	simple_reflexives	expected	17.254579544067383	17.254579544067383
153	bert-base-cased	77	themselves	simple_reflexives	unexpected	18.73743438720703	18.73743438720703
154	bert-base-cased	78	themselves	simple_reflexives	expected	17.254579544067383	17.254579544067383
155	bert-base-cased	78	themselves	simple_reflexives	unexpected	20.15529060363769	20.15529060363769
156	bert-base-cased	79	themselves	simple_reflexives	expected	15.4223051071167	15.4223051071167
157	bert-base-cased	79	themselves	simple_reflexives	unexpected	17.79385757446289	17.79385757446289
158	bert-base-cased	80	themselves	simple_reflexives	expected	15.4223051071167	15.4223051071167
159	bert-base-cased	80	themselves	simple_reflexives	unexpected	19.5886173248291	19.5886173248291
160	bert-base-cased	81	themselves	simple_reflexives	expected	15.64298152923584	15.64298152923584
161	bert-base-cased	81	themselves	simple_reflexives	unexpected	17.476350784301758	17.476350784301758
162	bert-base-cased	82	themselves	simple_reflexives	expected	15.64298152923584	15.64298152923584
163	bert-base-cased	82	themselves	simple_reflexives	unexpected	19.244216918945312	19.244216918945312
164	bert-base-cased	83	themselves	simple_reflexives	expected	19.82240295410156	19.82240295410156
165	bert-base-cased	83	themselves	simple_reflexives	unexpected	19.289730072021484	19.289730072021484
166	bert-base-cased	84	themselves	simple_reflexives	expected	19.82240295410156	19.82240295410156
167	bert-base-cased	84	themselves	simple_reflexives	unexpected	20.813108444213867	20.813108444213867
168	bert-base-cased	85	themselves	simple_reflexives	expected	14.76601505279541	14.76601505279541
169	bert-base-cased	85	themselves	simple_reflexives	unexpected	16.278188705444336	16.278188705444336
170	bert-base-cased	86	themselves	simple_reflexives	expected	14.76601505279541	14.76601505279541
171	bert-base-cased	86	themselves	simple_reflexives	unexpected	18.935836791992188	18.935836791992188
172	bert-base-cased	87	themselves	simple_reflexives	expected	17.642847061157227	17.642847061157227
173	bert-base-cased	87	themselves	simple_reflexives	unexpected	19.30633544921875	19.30633544921875
174	bert-base-cased	88	themselves	simple_reflexives	expected	17.642847061157227	17.642847061157227
175	bert-base-cased	88	themselves	simple_reflexives	unexpected	21.70028305053711	21.70028305053711
176	bert-base-cased	89	themselves	simple_reflexives	expected	7.724640846252441	7.724640846252441
177	bert-base-cased	89	themselves	simple_reflexives	unexpected	7.088750839233398	7.088750839233398
178	bert-base-cased	90	themselves	simple_reflexives	expected	7.724640846252441	7.724640846252441
179	bert-base-cased	90	themselves	simple_reflexives	unexpected	9.401878356933594	9.401878356933594
180	bert-base-cased	91	themselves	simple_reflexives	expected	16.823068618774414	16.823068618774414
181	bert-base-cased	91	themselves	simple_reflexives	unexpected	17.906932830810547	17.906932830810547
182	bert-base-cased	92	themselves	simple_reflexives	expected	16.823068618774414	16.823068618774414
183	bert-base-cased	92	themselves	simple_reflexives	unexpected	20.212297439575195	20.212297439575195
184	bert-base-cased	93	themselves	simple_reflexives	expected	14.83724594116211	14.83724594116211
185	bert-base-cased	93	themselves	simple_reflexives	unexpected	15.69277572631836	15.69277572631836
186	bert-base-cased	94	themselves	simple_reflexives	expected	14.83724594116211	14.83724594116211
187	bert-base-cased	94	themselves	simple_reflexives	unexpected	18.87886619567871	18.87886619567871
188	bert-base-cased	95	themselves	simple_reflexives	expected	14.168365478515623	14.168365478515623
189	bert-base-cased	95	themselves	simple_reflexives	unexpected	15.054479598999023	15.054479598999023
190	bert-base-cased	96	themselves	simple_reflexives	expected	14.168365478515623	14.168365478515623
191	bert-base-cased	96	themselves	simple_reflexives	unexpected	17.98539161682129	17.98539161682129
192	bert-base-cased	97	themselves	simple_reflexives	expected	22.18060302734375	22.18060302734375
193	bert-base-cased	97	themselves	simple_reflexives	unexpected	20.25901222229004	20.25901222229004
194	bert-base-cased	98	themselves	simple_reflexives	expected	22.18060302734375	22.18060302734375
195	bert-base-cased	98	themselves	simple_reflexives	unexpected	22.85763168334961	22.85763168334961
196	bert-base-cased	99	themselves	simple_reflexives	expected	16.383922576904297	16.383922576904297
197	bert-base-cased	99	themselves	simple_reflexives	unexpected	17.362489700317383	17.362489700317383
198	bert-base-cased	100	themselves	simple_reflexives	expected	16.383922576904297	16.383922576904297
199	bert-base-cased	100	themselves	simple_reflexives	unexpected	18.78439712524414	18.78439712524414
200	bert-base-cased	101	themselves	simple_reflexives	expected	16.447893142700195	16.447893142700195
201	bert-base-cased	101	themselves	simple_reflexives	unexpected	17.783227920532227	17.783227920532227
202	bert-base-cased	102	themselves	simple_reflexives	expected	16.447893142700195	16.447893142700195
203	bert-base-cased	102	themselves	simple_reflexives	unexpected	19.458959579467773	19.458959579467773
204	bert-base-cased	103	themselves	simple_reflexives	expected	7.536969184875488	7.536969184875488
205	bert-base-cased	103	themselves	simple_reflexives	unexpected	8.35258674621582	8.35258674621582
206	bert-base-cased	104	themselves	simple_reflexives	expected	7.536969184875488	7.536969184875488
207	bert-base-cased	104	themselves	simple_reflexives	unexpected	8.877276420593262	8.877276420593262
208	bert-base-cased	105	themselves	simple_reflexives	expected	17.649934768676758	17.649934768676758
209	bert-base-cased	105	themselves	simple_reflexives	unexpected	18.177295684814453	18.177295684814453
210	bert-base-cased	106	themselves	simple_reflexives	expected	17.649934768676758	17.649934768676758
211	bert-base-cased	106	themselves	simple_reflexives	unexpected	19.54792594909668	19.54792594909668
212	bert-base-cased	107	themselves	simple_reflexives	expected	16.468978881835938	16.468978881835938
213	bert-base-cased	107	themselves	simple_reflexives	unexpected	18.290639877319336	18.290639877319336
214	bert-base-cased	108	themselves	simple_reflexives	expected	16.468978881835938	16.468978881835938
215	bert-base-cased	108	themselves	simple_reflexives	unexpected	20.344018936157227	20.344018936157227
216	bert-base-cased	109	themselves	simple_reflexives	expected	14.1575927734375	14.1575927734375
217	bert-base-cased	109	themselves	simple_reflexives	unexpected	16.447858810424805	16.447858810424805
218	bert-base-cased	110	themselves	simple_reflexives	expected	14.1575927734375	14.1575927734375
219	bert-base-cased	110	themselves	simple_reflexives	unexpected	17.831653594970703	17.831653594970703
220	bert-base-cased	111	themselves	simple_reflexives	expected	21.47255516052246	21.47255516052246
221	bert-base-cased	111	themselves	simple_reflexives	unexpected	20.18829917907715	20.18829917907715
222	bert-base-cased	112	themselves	simple_reflexives	expected	21.47255516052246	21.47255516052246
223	bert-base-cased	112	themselves	simple_reflexives	unexpected	21.4622859954834	21.4622859954834
224	bert-base-cased	113	themselves	simple_reflexives	expected	16.960716247558594	16.960716247558594
225	bert-base-cased	113	themselves	simple_reflexives	unexpected	17.43466567993164	17.43466567993164
226	bert-base-cased	114	themselves	simple_reflexives	expected	16.960716247558594	16.960716247558594
227	bert-base-cased	114	themselves	simple_reflexives	unexpected	19.75193977355957	19.75193977355957
228	bert-base-cased	115	themselves	simple_reflexives	expected	17.060840606689453	17.060840606689453
229	bert-base-cased	115	themselves	simple_reflexives	unexpected	17.944103240966797	17.944103240966797
230	bert-base-cased	116	themselves	simple_reflexives	expected	17.060840606689453	17.060840606689453
231	bert-base-cased	116	themselves	simple_reflexives	unexpected	20.787771224975582	20.787771224975582
232	bert-base-cased	117	themselves	simple_reflexives	expected	5.971669673919678	5.971669673919678
233	bert-base-cased	117	themselves	simple_reflexives	unexpected	5.937234401702881	5.937234401702881
234	bert-base-cased	118	themselves	simple_reflexives	expected	5.971669673919678	5.971669673919678
235	bert-base-cased	118	themselves	simple_reflexives	unexpected	7.290301322937012	7.290301322937012
236	bert-base-cased	119	themselves	simple_reflexives	expected	17.3852481842041	17.3852481842041
237	bert-base-cased	119	themselves	simple_reflexives	unexpected	17.793577194213867	17.793577194213867
238	bert-base-cased	120	themselves	simple_reflexives	expected	17.3852481842041	17.3852481842041
239	bert-base-cased	120	themselves	simple_reflexives	unexpected	20.03132057189941	20.03132057189941
240	bert-base-cased	121	themselves	simple_reflexives	expected	16.848678588867188	16.848678588867188
241	bert-base-cased	121	themselves	simple_reflexives	unexpected	17.586206436157227	17.586206436157227
242	bert-base-cased	122	themselves	simple_reflexives	expected	16.848678588867188	16.848678588867188
243	bert-base-cased	122	themselves	simple_reflexives	unexpected	20.31221580505371	20.31221580505371
244	bert-base-cased	123	themselves	simple_reflexives	expected	14.225659370422363	14.225659370422363
245	bert-base-cased	123	themselves	simple_reflexives	unexpected	15.142611503601074	15.142611503601074
246	bert-base-cased	124	themselves	simple_reflexives	expected	14.225659370422363	14.225659370422363
247	bert-base-cased	124	themselves	simple_reflexives	unexpected	18.005979537963867	18.005979537963867
248	bert-base-cased	125	themselves	simple_reflexives	expected	20.180870056152344	20.180870056152344
249	bert-base-cased	125	themselves	simple_reflexives	unexpected	18.20492553710937	18.20492553710937
250	bert-base-cased	126	themselves	simple_reflexives	expected	20.180870056152344	20.180870056152344
251	bert-base-cased	126	themselves	simple_reflexives	unexpected	20.76991081237793	20.76991081237793
252	bert-base-cased	127	themselves	simple_reflexives	expected	6.559576511383057	6.559576511383057
253	bert-base-cased	127	themselves	simple_reflexives	unexpected	6.119870662689209	6.119870662689209
254	bert-base-cased	128	themselves	simple_reflexives	expected	6.559576511383057	6.559576511383057
255	bert-base-cased	128	themselves	simple_reflexives	unexpected	7.874264717102051	7.874264717102051
256	bert-base-cased	129	themselves	simple_reflexives	expected	6.445576190948486	6.445576190948486
257	bert-base-cased	129	themselves	simple_reflexives	unexpected	6.396703243255615	6.396703243255615
258	bert-base-cased	130	themselves	simple_reflexives	expected	6.445576190948486	6.445576190948486
259	bert-base-cased	130	themselves	simple_reflexives	unexpected	8.5615234375	8.5615234375
260	bert-base-cased	131	themselves	simple_reflexives	expected	6.619035243988037	6.619035243988037
261	bert-base-cased	131	themselves	simple_reflexives	unexpected	5.288163185119629	5.288163185119629
262	bert-base-cased	132	themselves	simple_reflexives	expected	6.619035243988037	6.619035243988037
263	bert-base-cased	132	themselves	simple_reflexives	unexpected	7.206873893737793	7.206873893737793
264	bert-base-cased	133	themselves	simple_reflexives	expected	4.502423286437988	4.502423286437988
265	bert-base-cased	133	themselves	simple_reflexives	unexpected	4.953040599822998	4.953040599822998
266	bert-base-cased	134	themselves	simple_reflexives	expected	4.502423286437988	4.502423286437988
267	bert-base-cased	134	themselves	simple_reflexives	unexpected	6.582977771759033	6.582977771759033
268	bert-base-cased	135	themselves	simple_reflexives	expected	6.838065147399902	6.838065147399902
269	bert-base-cased	135	themselves	simple_reflexives	unexpected	5.943692684173584	5.943692684173584
270	bert-base-cased	136	themselves	simple_reflexives	expected	6.838065147399902	6.838065147399902
271	bert-base-cased	136	themselves	simple_reflexives	unexpected	7.956507682800293	7.956507682800293
272	bert-base-cased	137	themselves	simple_reflexives	expected	4.426707267761231	4.426707267761231
273	bert-base-cased	137	themselves	simple_reflexives	unexpected	4.275437355041504	4.275437355041504
274	bert-base-cased	138	themselves	simple_reflexives	expected	4.426707267761231	4.426707267761231
275	bert-base-cased	138	themselves	simple_reflexives	unexpected	7.756392955780029	7.756392955780029
276	bert-base-cased	139	themselves	simple_reflexives	expected	5.3736982345581055	5.3736982345581055
277	bert-base-cased	139	themselves	simple_reflexives	unexpected	3.4475910663604736	3.4475910663604736
278	bert-base-cased	140	themselves	simple_reflexives	expected	5.3736982345581055	5.3736982345581055
279	bert-base-cased	140	themselves	simple_reflexives	unexpected	4.510654449462891	4.510654449462891
280	bert-base-cased	141	himself	simple_reflexives	expected	14.420648574829102	14.420648574829102
281	bert-base-cased	141	himself	simple_reflexives	unexpected	18.805025100708008	18.805025100708008
282	bert-base-cased	142	herself	simple_reflexives	expected	16.140478134155273	16.140478134155273
283	bert-base-cased	142	herself	simple_reflexives	unexpected	18.805025100708008	18.805025100708008
284	bert-base-cased	143	himself	simple_reflexives	expected	16.576120376586914	16.576120376586914
285	bert-base-cased	143	himself	simple_reflexives	unexpected	22.16276741027832	22.16276741027832
286	bert-base-cased	144	herself	simple_reflexives	expected	19.03903007507324	19.03903007507324
287	bert-base-cased	144	herself	simple_reflexives	unexpected	22.16276741027832	22.16276741027832
288	bert-base-cased	145	himself	simple_reflexives	expected	8.583230018615723	8.583230018615723
289	bert-base-cased	145	himself	simple_reflexives	unexpected	7.632414817810059	7.632414817810059
290	bert-base-cased	146	herself	simple_reflexives	expected	8.571163177490234	8.571163177490234
291	bert-base-cased	146	herself	simple_reflexives	unexpected	7.632414817810059	7.632414817810059
292	bert-base-cased	147	himself	simple_reflexives	expected	15.657858848571776	15.657858848571776
293	bert-base-cased	147	himself	simple_reflexives	unexpected	21.080467224121094	21.080467224121094
294	bert-base-cased	148	herself	simple_reflexives	expected	17.544689178466797	17.544689178466797
295	bert-base-cased	148	herself	simple_reflexives	unexpected	21.080467224121094	21.080467224121094
296	bert-base-cased	149	himself	simple_reflexives	expected	14.353985786437988	14.353985786437988
297	bert-base-cased	149	himself	simple_reflexives	unexpected	20.223588943481445	20.223588943481445
298	bert-base-cased	150	herself	simple_reflexives	expected	16.865171432495117	16.865171432495117
299	bert-base-cased	150	herself	simple_reflexives	unexpected	20.223588943481445	20.223588943481445
300	bert-base-cased	151	himself	simple_reflexives	expected	10.227313995361328	10.227313995361328
301	bert-base-cased	151	himself	simple_reflexives	unexpected	13.847515106201172	13.847515106201172
302	bert-base-cased	152	herself	simple_reflexives	expected	11.855069160461426	11.855069160461426
303	bert-base-cased	152	herself	simple_reflexives	unexpected	13.847515106201172	13.847515106201172
304	bert-base-cased	153	himself	simple_reflexives	expected	18.94040298461914	18.94040298461914
305	bert-base-cased	153	himself	simple_reflexives	unexpected	24.249027252197266	24.249027252197266
306	bert-base-cased	154	herself	simple_reflexives	expected	21.076488494873047	21.076488494873047
307	bert-base-cased	154	herself	simple_reflexives	unexpected	24.249027252197266	24.249027252197266
308	bert-base-cased	155	himself	simple_reflexives	expected	16.27001953125	16.27001953125
309	bert-base-cased	155	himself	simple_reflexives	unexpected	22.25261116027832	22.25261116027832
310	bert-base-cased	156	herself	simple_reflexives	expected	19.688854217529297	19.688854217529297
311	bert-base-cased	156	herself	simple_reflexives	unexpected	22.25261116027832	22.25261116027832
312	bert-base-cased	157	himself	simple_reflexives	expected	18.002193450927734	18.002193450927734
313	bert-base-cased	157	himself	simple_reflexives	unexpected	24.571502685546875	24.571502685546875
314	bert-base-cased	158	herself	simple_reflexives	expected	21.76827812194824	21.76827812194824
315	bert-base-cased	158	herself	simple_reflexives	unexpected	24.571502685546875	24.571502685546875
316	bert-base-cased	159	himself	simple_reflexives	expected	7.189631462097168	7.189631462097168
317	bert-base-cased	159	himself	simple_reflexives	unexpected	7.719836235046387	7.719836235046387
318	bert-base-cased	160	herself	simple_reflexives	expected	9.468440055847168	9.468440055847168
319	bert-base-cased	160	herself	simple_reflexives	unexpected	7.719836235046387	7.719836235046387
320	bert-base-cased	161	himself	simple_reflexives	expected	18.570213317871094	18.570213317871094
321	bert-base-cased	161	himself	simple_reflexives	unexpected	23.76836585998535	23.76836585998535
322	bert-base-cased	162	herself	simple_reflexives	expected	21.281818389892575	21.281818389892575
323	bert-base-cased	162	herself	simple_reflexives	unexpected	23.76836585998535	23.76836585998535
324	bert-base-cased	163	himself	simple_reflexives	expected	13.244466781616213	13.244466781616213
325	bert-base-cased	163	himself	simple_reflexives	unexpected	20.67660522460937	20.67660522460937
326	bert-base-cased	164	herself	simple_reflexives	expected	17.659175872802734	17.659175872802734
327	bert-base-cased	164	herself	simple_reflexives	unexpected	20.67660522460937	20.67660522460937
328	bert-base-cased	165	himself	simple_reflexives	expected	12.803186416625977	12.803186416625977
329	bert-base-cased	165	himself	simple_reflexives	unexpected	17.348041534423828	17.348041534423828
330	bert-base-cased	166	herself	simple_reflexives	expected	16.637218475341797	16.637218475341797
331	bert-base-cased	166	herself	simple_reflexives	unexpected	17.348041534423828	17.348041534423828
332	bert-base-cased	167	himself	simple_reflexives	expected	19.933927536010746	19.933927536010746
333	bert-base-cased	167	himself	simple_reflexives	unexpected	25.608434677124023	25.608434677124023
334	bert-base-cased	168	herself	simple_reflexives	expected	22.9977970123291	22.9977970123291
335	bert-base-cased	168	herself	simple_reflexives	unexpected	25.608434677124023	25.608434677124023
336	bert-base-cased	169	himself	simple_reflexives	expected	15.153486251831056	15.153486251831056
337	bert-base-cased	169	himself	simple_reflexives	unexpected	20.97684860229492	20.97684860229492
338	bert-base-cased	170	herself	simple_reflexives	expected	17.9403018951416	17.9403018951416
339	bert-base-cased	170	herself	simple_reflexives	unexpected	20.97684860229492	20.97684860229492
340	bert-base-cased	171	himself	simple_reflexives	expected	15.291428565979004	15.291428565979004
341	bert-base-cased	171	himself	simple_reflexives	unexpected	21.745359420776367	21.745359420776367
342	bert-base-cased	172	herself	simple_reflexives	expected	17.963420867919922	17.963420867919922
343	bert-base-cased	172	herself	simple_reflexives	unexpected	21.745359420776367	21.745359420776367
344	bert-base-cased	173	himself	simple_reflexives	expected	6.932502269744873	6.932502269744873
345	bert-base-cased	173	himself	simple_reflexives	unexpected	6.38951301574707	6.38951301574707
346	bert-base-cased	174	herself	simple_reflexives	expected	7.570918560028076	7.570918560028076
347	bert-base-cased	174	herself	simple_reflexives	unexpected	6.38951301574707	6.38951301574707
348	bert-base-cased	175	himself	simple_reflexives	expected	18.52003669738769	18.52003669738769
349	bert-base-cased	175	himself	simple_reflexives	unexpected	24.186424255371094	24.186424255371094
350	bert-base-cased	176	herself	simple_reflexives	expected	20.76809501647949	20.76809501647949
351	bert-base-cased	176	herself	simple_reflexives	unexpected	24.186424255371094	24.186424255371094
352	bert-base-cased	177	himself	simple_reflexives	expected	15.25979232788086	15.25979232788086
353	bert-base-cased	177	himself	simple_reflexives	unexpected	21.891122817993164	21.891122817993164
354	bert-base-cased	178	herself	simple_reflexives	expected	18.719497680664062	18.719497680664062
355	bert-base-cased	178	herself	simple_reflexives	unexpected	21.891122817993164	21.891122817993164
356	bert-base-cased	179	himself	simple_reflexives	expected	12.90772819519043	12.90772819519043
357	bert-base-cased	179	himself	simple_reflexives	unexpected	17.575944900512695	17.575944900512695
358	bert-base-cased	180	herself	simple_reflexives	expected	16.410884857177734	16.410884857177734
359	bert-base-cased	180	herself	simple_reflexives	unexpected	17.575944900512695	17.575944900512695
360	bert-base-cased	181	himself	simple_reflexives	expected	19.62457847595215	19.62457847595215
361	bert-base-cased	181	himself	simple_reflexives	unexpected	25.930042266845703	25.930042266845703
362	bert-base-cased	182	herself	simple_reflexives	expected	22.417835235595703	22.417835235595703
363	bert-base-cased	182	herself	simple_reflexives	unexpected	25.930042266845703	25.930042266845703
364	bert-base-cased	183	himself	simple_reflexives	expected	15.82415008544922	15.82415008544922
365	bert-base-cased	183	himself	simple_reflexives	unexpected	21.921022415161133	21.921022415161133
366	bert-base-cased	184	herself	simple_reflexives	expected	18.843505859375	18.843505859375
367	bert-base-cased	184	herself	simple_reflexives	unexpected	21.921022415161133	21.921022415161133
368	bert-base-cased	185	himself	simple_reflexives	expected	15.551213264465332	15.551213264465332
369	bert-base-cased	185	himself	simple_reflexives	unexpected	21.941007614135746	21.941007614135746
370	bert-base-cased	186	herself	simple_reflexives	expected	18.610986709594727	18.610986709594727
371	bert-base-cased	186	herself	simple_reflexives	unexpected	21.941007614135746	21.941007614135746
372	bert-base-cased	187	himself	simple_reflexives	expected	6.9142680168151855	6.9142680168151855
373	bert-base-cased	187	himself	simple_reflexives	unexpected	6.854416847229004	6.854416847229004
374	bert-base-cased	188	herself	simple_reflexives	expected	7.465798377990723	7.465798377990723
375	bert-base-cased	188	herself	simple_reflexives	unexpected	6.854416847229004	6.854416847229004
376	bert-base-cased	189	himself	simple_reflexives	expected	18.79861259460449	18.79861259460449
377	bert-base-cased	189	himself	simple_reflexives	unexpected	24.5575008392334	24.5575008392334
378	bert-base-cased	190	herself	simple_reflexives	expected	21.57525062561035	21.57525062561035
379	bert-base-cased	190	herself	simple_reflexives	unexpected	24.5575008392334	24.5575008392334
380	bert-base-cased	191	himself	simple_reflexives	expected	15.012595176696776	15.012595176696776
381	bert-base-cased	191	himself	simple_reflexives	unexpected	21.39227104187012	21.39227104187012
382	bert-base-cased	192	herself	simple_reflexives	expected	18.38515281677246	18.38515281677246
383	bert-base-cased	192	herself	simple_reflexives	unexpected	21.39227104187012	21.39227104187012
384	bert-base-cased	193	himself	simple_reflexives	expected	11.787745475769045	11.787745475769045
385	bert-base-cased	193	himself	simple_reflexives	unexpected	16.845338821411133	16.845338821411133
386	bert-base-cased	194	herself	simple_reflexives	expected	16.20559310913086	16.20559310913086
387	bert-base-cased	194	herself	simple_reflexives	unexpected	16.845338821411133	16.845338821411133
388	bert-base-cased	195	himself	simple_reflexives	expected	19.81069564819336	19.81069564819336
389	bert-base-cased	195	himself	simple_reflexives	unexpected	26.159812927246094	26.159812927246094
390	bert-base-cased	196	herself	simple_reflexives	expected	23.36558723449707	23.36558723449707
391	bert-base-cased	196	herself	simple_reflexives	unexpected	26.159812927246094	26.159812927246094
392	bert-base-cased	197	himself	simple_reflexives	expected	15.448981285095217	15.448981285095217
393	bert-base-cased	197	himself	simple_reflexives	unexpected	20.467884063720703	20.467884063720703
394	bert-base-cased	198	herself	simple_reflexives	expected	18.21245574951172	18.21245574951172
395	bert-base-cased	198	herself	simple_reflexives	unexpected	20.467884063720703	20.467884063720703
396	bert-base-cased	199	himself	simple_reflexives	expected	14.234697341918944	14.234697341918944
397	bert-base-cased	199	himself	simple_reflexives	unexpected	20.56009101867676	20.56009101867676
398	bert-base-cased	200	herself	simple_reflexives	expected	18.125167846679688	18.125167846679688
399	bert-base-cased	200	herself	simple_reflexives	unexpected	20.56009101867676	20.56009101867676
400	bert-base-cased	201	himself	simple_reflexives	expected	16.4574031829834	16.4574031829834
401	bert-base-cased	201	himself	simple_reflexives	unexpected	20.79957389831543	20.79957389831543
402	bert-base-cased	202	herself	simple_reflexives	expected	18.86040687561035	18.86040687561035
403	bert-base-cased	202	herself	simple_reflexives	unexpected	20.79957389831543	20.79957389831543
404	bert-base-cased	203	himself	simple_reflexives	expected	18.70643424987793	18.70643424987793
405	bert-base-cased	203	himself	simple_reflexives	unexpected	23.90571975708008	23.90571975708008
406	bert-base-cased	204	herself	simple_reflexives	expected	21.032819747924805	21.032819747924805
407	bert-base-cased	204	herself	simple_reflexives	unexpected	23.90571975708008	23.90571975708008
408	bert-base-cased	205	himself	simple_reflexives	expected	14.436501502990724	14.436501502990724
409	bert-base-cased	205	himself	simple_reflexives	unexpected	20.35280036926269	20.35280036926269
410	bert-base-cased	206	herself	simple_reflexives	expected	17.54448890686035	17.54448890686035
411	bert-base-cased	206	herself	simple_reflexives	unexpected	20.35280036926269	20.35280036926269
412	bert-base-cased	207	himself	simple_reflexives	expected	13.101285934448242	13.101285934448242
413	bert-base-cased	207	himself	simple_reflexives	unexpected	16.83757781982422	16.83757781982422
414	bert-base-cased	208	herself	simple_reflexives	expected	16.77924156188965	16.77924156188965
415	bert-base-cased	208	herself	simple_reflexives	unexpected	16.83757781982422	16.83757781982422
416	bert-base-cased	209	himself	simple_reflexives	expected	19.887365341186523	19.887365341186523
417	bert-base-cased	209	himself	simple_reflexives	unexpected	25.738237380981445	25.738237380981445
418	bert-base-cased	210	herself	simple_reflexives	expected	22.943777084350582	22.943777084350582
419	bert-base-cased	210	herself	simple_reflexives	unexpected	25.738237380981445	25.738237380981445
420	bert-base-cased	211	himself	simple_reflexives	expected	16.2727108001709	16.2727108001709
421	bert-base-cased	211	himself	simple_reflexives	unexpected	20.682910919189453	20.682910919189453
422	bert-base-cased	212	herself	simple_reflexives	expected	17.919286727905273	17.919286727905273
423	bert-base-cased	212	herself	simple_reflexives	unexpected	20.682910919189453	20.682910919189453
424	bert-base-cased	213	himself	simple_reflexives	expected	17.988645553588867	17.988645553588867
425	bert-base-cased	213	himself	simple_reflexives	unexpected	21.615997314453125	21.615997314453125
426	bert-base-cased	214	herself	simple_reflexives	expected	19.919021606445312	19.919021606445312
427	bert-base-cased	214	herself	simple_reflexives	unexpected	21.615997314453125	21.615997314453125
428	bert-base-cased	215	himself	simple_reflexives	expected	16.363759994506836	16.363759994506836
429	bert-base-cased	215	himself	simple_reflexives	unexpected	19.971830368041992	19.971830368041992
430	bert-base-cased	216	herself	simple_reflexives	expected	17.33481788635254	17.33481788635254
431	bert-base-cased	216	herself	simple_reflexives	unexpected	19.971830368041992	19.971830368041992
432	bert-base-cased	217	himself	simple_reflexives	expected	17.866939544677734	17.866939544677734
433	bert-base-cased	217	himself	simple_reflexives	unexpected	22.533578872680664	22.533578872680664
434	bert-base-cased	218	herself	simple_reflexives	expected	19.679479598999023	19.679479598999023
435	bert-base-cased	218	herself	simple_reflexives	unexpected	22.533578872680664	22.533578872680664
436	bert-base-cased	219	himself	simple_reflexives	expected	14.376259803771973	14.376259803771973
437	bert-base-cased	219	himself	simple_reflexives	unexpected	19.61016273498535	19.61016273498535
438	bert-base-cased	220	herself	simple_reflexives	expected	17.057600021362305	17.057600021362305
439	bert-base-cased	220	herself	simple_reflexives	unexpected	19.61016273498535	19.61016273498535
440	bert-base-cased	221	himself	simple_reflexives	expected	14.851017951965332	14.851017951965332
441	bert-base-cased	221	himself	simple_reflexives	unexpected	18.039207458496094	18.039207458496094
442	bert-base-cased	222	herself	simple_reflexives	expected	17.307466506958008	17.307466506958008
443	bert-base-cased	222	herself	simple_reflexives	unexpected	18.039207458496094	18.039207458496094
444	bert-base-cased	223	himself	simple_reflexives	expected	18.645723342895508	18.645723342895508
445	bert-base-cased	223	himself	simple_reflexives	unexpected	23.53080368041992	23.53080368041992
446	bert-base-cased	224	herself	simple_reflexives	expected	20.895414352416992	20.895414352416992
447	bert-base-cased	224	herself	simple_reflexives	unexpected	23.53080368041992	23.53080368041992
448	bert-base-cased	225	himself	simple_reflexives	expected	16.103113174438477	16.103113174438477
449	bert-base-cased	225	himself	simple_reflexives	unexpected	22.29746437072754	22.29746437072754
450	bert-base-cased	226	herself	simple_reflexives	expected	19.26424598693848	19.26424598693848
451	bert-base-cased	226	herself	simple_reflexives	unexpected	22.29746437072754	22.29746437072754
452	bert-base-cased	227	himself	simple_reflexives	expected	16.862064361572266	16.862064361572266
453	bert-base-cased	227	himself	simple_reflexives	unexpected	22.989410400390625	22.989410400390625
454	bert-base-cased	228	herself	simple_reflexives	expected	19.72002601623535	19.72002601623535
455	bert-base-cased	228	herself	simple_reflexives	unexpected	22.989410400390625	22.989410400390625
456	bert-base-cased	229	himself	simple_reflexives	expected	15.67451000213623	15.67451000213623
457	bert-base-cased	229	himself	simple_reflexives	unexpected	20.395265579223636	20.395265579223636
458	bert-base-cased	230	herself	simple_reflexives	expected	18.529216766357425	18.529216766357425
459	bert-base-cased	230	herself	simple_reflexives	unexpected	20.395265579223636	20.395265579223636
460	bert-base-cased	231	himself	simple_reflexives	expected	18.63919448852539	18.63919448852539
461	bert-base-cased	231	himself	simple_reflexives	unexpected	24.201631546020508	24.201631546020508
462	bert-base-cased	232	herself	simple_reflexives	expected	21.36751365661621	21.36751365661621
463	bert-base-cased	232	herself	simple_reflexives	unexpected	24.201631546020508	24.201631546020508
464	bert-base-cased	233	himself	simple_reflexives	expected	12.195870399475098	12.195870399475098
465	bert-base-cased	233	himself	simple_reflexives	unexpected	18.99065589904785	18.99065589904785
466	bert-base-cased	234	herself	simple_reflexives	expected	16.554040908813477	16.554040908813477
467	bert-base-cased	234	herself	simple_reflexives	unexpected	18.99065589904785	18.99065589904785
468	bert-base-cased	235	himself	simple_reflexives	expected	12.156744956970217	12.156744956970217
469	bert-base-cased	235	himself	simple_reflexives	unexpected	17.431415557861328	17.431415557861328
470	bert-base-cased	236	herself	simple_reflexives	expected	15.921335220336914	15.921335220336914
471	bert-base-cased	236	herself	simple_reflexives	unexpected	17.431415557861328	17.431415557861328
472	bert-base-cased	237	himself	simple_reflexives	expected	20.09925651550293	20.09925651550293
473	bert-base-cased	237	himself	simple_reflexives	unexpected	26.40120887756348	26.40120887756348
474	bert-base-cased	238	herself	simple_reflexives	expected	23.462621688842773	23.462621688842773
475	bert-base-cased	238	herself	simple_reflexives	unexpected	26.40120887756348	26.40120887756348
476	bert-base-cased	239	himself	simple_reflexives	expected	16.44854164123535	16.44854164123535
477	bert-base-cased	239	himself	simple_reflexives	unexpected	22.080886840820312	22.080886840820312
478	bert-base-cased	240	herself	simple_reflexives	expected	18.36481475830078	18.36481475830078
479	bert-base-cased	240	herself	simple_reflexives	unexpected	22.080886840820312	22.080886840820312
480	bert-base-cased	241	himself	simple_reflexives	expected	16.30411148071289	16.30411148071289
481	bert-base-cased	241	himself	simple_reflexives	unexpected	22.02392196655273	22.02392196655273
482	bert-base-cased	242	herself	simple_reflexives	expected	18.6151123046875	18.6151123046875
483	bert-base-cased	242	herself	simple_reflexives	unexpected	22.02392196655273	22.02392196655273
484	bert-base-cased	243	himself	simple_reflexives	expected	15.616884231567385	15.616884231567385
485	bert-base-cased	243	himself	simple_reflexives	unexpected	19.44634056091309	19.44634056091309
486	bert-base-cased	244	herself	simple_reflexives	expected	16.987173080444336	16.987173080444336
487	bert-base-cased	244	herself	simple_reflexives	unexpected	19.44634056091309	19.44634056091309
488	bert-base-cased	245	himself	simple_reflexives	expected	19.07201385498047	19.07201385498047
489	bert-base-cased	245	himself	simple_reflexives	unexpected	24.34769058227539	24.34769058227539
490	bert-base-cased	246	herself	simple_reflexives	expected	20.65210723876953	20.65210723876953
491	bert-base-cased	246	herself	simple_reflexives	unexpected	24.34769058227539	24.34769058227539
492	bert-base-cased	247	himself	simple_reflexives	expected	14.955857276916504	14.955857276916504
493	bert-base-cased	247	himself	simple_reflexives	unexpected	20.984703063964844	20.984703063964844
494	bert-base-cased	248	herself	simple_reflexives	expected	17.808677673339844	17.808677673339844
495	bert-base-cased	248	herself	simple_reflexives	unexpected	20.984703063964844	20.984703063964844
496	bert-base-cased	249	himself	simple_reflexives	expected	13.696159362792969	13.696159362792969
497	bert-base-cased	249	himself	simple_reflexives	unexpected	17.943729400634766	17.943729400634766
498	bert-base-cased	250	herself	simple_reflexives	expected	15.91775894165039	15.91775894165039
499	bert-base-cased	250	herself	simple_reflexives	unexpected	17.943729400634766	17.943729400634766
500	bert-base-cased	251	himself	simple_reflexives	expected	20.426137924194336	20.426137924194336
501	bert-base-cased	251	himself	simple_reflexives	unexpected	26.02707862854004	26.02707862854004
502	bert-base-cased	252	herself	simple_reflexives	expected	22.40443992614746	22.40443992614746
503	bert-base-cased	252	herself	simple_reflexives	unexpected	26.02707862854004	26.02707862854004
504	bert-base-cased	253	himself	simple_reflexives	expected	16.358182907104492	16.358182907104492
505	bert-base-cased	253	himself	simple_reflexives	unexpected	23.43362045288086	23.43362045288086
506	bert-base-cased	254	herself	simple_reflexives	expected	19.345441818237305	19.345441818237305
507	bert-base-cased	254	herself	simple_reflexives	unexpected	23.43362045288086	23.43362045288086
508	bert-base-cased	255	himself	simple_reflexives	expected	16.112186431884766	16.112186431884766
509	bert-base-cased	255	himself	simple_reflexives	unexpected	22.45452308654785	22.45452308654785
510	bert-base-cased	256	herself	simple_reflexives	expected	18.930105209350582	18.930105209350582
511	bert-base-cased	256	herself	simple_reflexives	unexpected	22.45452308654785	22.45452308654785
512	bert-base-cased	257	himself	simple_reflexives	expected	7.1932783126831055	7.1932783126831055
513	bert-base-cased	257	himself	simple_reflexives	unexpected	6.493088245391846	6.493088245391846
514	bert-base-cased	258	herself	simple_reflexives	expected	7.472104072570801	7.472104072570801
515	bert-base-cased	258	herself	simple_reflexives	unexpected	6.493088245391846	6.493088245391846
516	bert-base-cased	259	himself	simple_reflexives	expected	17.78712272644043	17.78712272644043
517	bert-base-cased	259	himself	simple_reflexives	unexpected	24.2431583404541	24.2431583404541
518	bert-base-cased	260	herself	simple_reflexives	expected	20.674766540527344	20.674766540527344
519	bert-base-cased	260	herself	simple_reflexives	unexpected	24.2431583404541	24.2431583404541
520	bert-base-cased	261	himself	simple_reflexives	expected	14.856021881103516	14.856021881103516
521	bert-base-cased	261	himself	simple_reflexives	unexpected	22.201208114624023	22.201208114624023
522	bert-base-cased	262	herself	simple_reflexives	expected	18.02713966369629	18.02713966369629
523	bert-base-cased	262	herself	simple_reflexives	unexpected	22.201208114624023	22.201208114624023
524	bert-base-cased	263	himself	simple_reflexives	expected	11.825798034667969	11.825798034667969
525	bert-base-cased	263	himself	simple_reflexives	unexpected	17.50211524963379	17.50211524963379
526	bert-base-cased	264	herself	simple_reflexives	expected	15.65475082397461	15.65475082397461
527	bert-base-cased	264	herself	simple_reflexives	unexpected	17.50211524963379	17.50211524963379
528	bert-base-cased	265	himself	simple_reflexives	expected	18.805885314941406	18.805885314941406
529	bert-base-cased	265	himself	simple_reflexives	unexpected	26.158588409423828	26.158588409423828
530	bert-base-cased	266	herself	simple_reflexives	expected	22.29474830627441	22.29474830627441
531	bert-base-cased	266	herself	simple_reflexives	unexpected	26.158588409423828	26.158588409423828
532	bert-base-cased	267	himself	simple_reflexives	expected	16.115787506103516	16.115787506103516
533	bert-base-cased	267	himself	simple_reflexives	unexpected	21.91123580932617	21.91123580932617
534	bert-base-cased	268	herself	simple_reflexives	expected	17.91788101196289	17.91788101196289
535	bert-base-cased	268	herself	simple_reflexives	unexpected	21.91123580932617	21.91123580932617
536	bert-base-cased	269	himself	simple_reflexives	expected	15.648118019104004	15.648118019104004
537	bert-base-cased	269	himself	simple_reflexives	unexpected	21.638938903808597	21.638938903808597
538	bert-base-cased	270	herself	simple_reflexives	expected	18.33045768737793	18.33045768737793
539	bert-base-cased	270	herself	simple_reflexives	unexpected	21.638938903808597	21.638938903808597
540	bert-base-cased	271	himself	simple_reflexives	expected	7.309572219848633	7.309572219848633
541	bert-base-cased	271	himself	simple_reflexives	unexpected	6.324078559875488	6.324078559875488
542	bert-base-cased	272	herself	simple_reflexives	expected	7.735904693603516	7.735904693603516
543	bert-base-cased	272	herself	simple_reflexives	unexpected	6.324078559875488	6.324078559875488
544	bert-base-cased	273	himself	simple_reflexives	expected	18.59347152709961	18.59347152709961
545	bert-base-cased	273	himself	simple_reflexives	unexpected	23.65089225769043	23.65089225769043
546	bert-base-cased	274	herself	simple_reflexives	expected	20.136045455932617	20.136045455932617
547	bert-base-cased	274	herself	simple_reflexives	unexpected	23.65089225769043	23.65089225769043
548	bert-base-cased	275	himself	simple_reflexives	expected	15.305700302124023	15.305700302124023
549	bert-base-cased	275	himself	simple_reflexives	unexpected	21.31414031982422	21.31414031982422
550	bert-base-cased	276	herself	simple_reflexives	expected	17.750709533691406	17.750709533691406
551	bert-base-cased	276	herself	simple_reflexives	unexpected	21.31414031982422	21.31414031982422
552	bert-base-cased	277	himself	simple_reflexives	expected	13.265277862548828	13.265277862548828
553	bert-base-cased	277	himself	simple_reflexives	unexpected	17.671184539794922	17.671184539794922
554	bert-base-cased	278	herself	simple_reflexives	expected	15.60419464111328	15.60419464111328
555	bert-base-cased	278	herself	simple_reflexives	unexpected	17.671184539794922	17.671184539794922
556	bert-base-cased	279	himself	simple_reflexives	expected	19.62501716613769	19.62501716613769
557	bert-base-cased	279	himself	simple_reflexives	unexpected	25.27381706237793	25.27381706237793
558	bert-base-cased	280	herself	simple_reflexives	expected	21.864152908325195	21.864152908325195
559	bert-base-cased	280	herself	simple_reflexives	unexpected	25.27381706237793	25.27381706237793
